{"train_loss": [2.0100125082060543, 0.8483939083354404, 0.458989123123324, 0.27327949224707615, 0.22324113124364522, 0.16398845805673667, 0.14307151602727428, 0.11385372380150664, 0.09432101282583169, 0.09796270580764628, 0.058933097879435396, 0.05552194728701896, 0.07381806878384332, 0.047799876461643846, 0.04381902921716694, 0.029972965847574078, 0.03302753192998869, 0.03986370272308188, 0.04202376307641441], "val_loss": [1.4998581147609575, 0.843186685097818, 0.4430108301299839, 0.4115239604922702, 0.3955925729990108, 0.4421139756988155, 0.32581280127690493, 0.29337584346244566, 0.363219128489443, 0.496011616751348, 0.2918962548124863, 0.34110381718175914, 0.2304836362270575, 0.32787639192284257, 0.21606730219190023, 0.29722507278207616, 0.34306926471747756, 0.34403707274667567, 0.3347021816518837], "train_acc": [0.2694500643737355, 0.6981791429096929, 0.8399852860033106, 0.9056464962295383, 0.9284531910980319, 0.9451903623321685, 0.9516277358837594, 0.9611918337318374, 0.9711237814971491, 0.969836306786831, 0.9799521795107595, 0.9830789038072466, 0.9781129299245908, 0.9871252528968181, 0.9876770277726687, 0.9895162773588375, 0.9913555269450064, 0.9882288026485193, 0.9845503034761817], "val_acc": [0.4829961256995265, 0.7352561343090831, 0.8514851485148515, 0.8656909169177788, 0.8816185966422729, 0.8755919070167887, 0.900990099009901, 0.9177787343951787, 0.8984072320275506, 0.866982350408954, 0.9143349117520447, 0.9070167886353853, 0.9341368919500646, 0.9164873009040034, 0.9461902712010332, 0.9246663796814464, 0.9177787343951787, 0.91562634524322, 0.9195006457167456]}